{"cameraMode":{"drawMode":0,"name":"Shaded","section":"Shading Mode"},"sceneLighting":true,"audioPlay":false,"sceneViewState":{"m_AlwaysRefresh":false,"showFog":true,"showSkybox":true,"showFlares":true,"showImageEffects":true,"showParticleSystems":true,"showVisualEffectGraphs":true,"m_FxEnabled":true},"in2DMode":false,"pivot":{"x":0.3917330503463745,"y":16.247201919555665,"z":43.27002716064453},"rotation":{"x":-0.03124348632991314,"y":0.9583866596221924,"z":-0.25937312841415408,"w":-0.11525917053222656},"size":5.859899044036865,"orthographic":false}